{
  "baseline_delta": {
    "accuracy": -0.083333,
    "macro_f1": -0.029412,
    "weighted_f1": -0.078431
  },
  "confusion_matrix": {
    "labels": [
      "benign",
      "suspicious",
      "malicious"
    ],
    "matrix": [
      [
        0,
        0,
        5
      ],
      [
        0,
        0,
        3
      ],
      [
        0,
        0,
        4
      ]
    ]
  },
  "evaluated_at": "2026-05-24T11:37:55Z",
  "metrics": {
    "accuracy": 0.3333333333333333,
    "classification_report": {
      "accuracy": 0.3333333333333333,
      "benign": {
        "f1-score": 0.0,
        "precision": 0.0,
        "recall": 0.0,
        "support": 5.0
      },
      "macro avg": {
        "f1-score": 0.16666666666666666,
        "precision": 0.1111111111111111,
        "recall": 0.3333333333333333,
        "support": 12.0
      },
      "malicious": {
        "f1-score": 0.5,
        "precision": 0.3333333333333333,
        "recall": 1.0,
        "support": 4.0
      },
      "suspicious": {
        "f1-score": 0.0,
        "precision": 0.0,
        "recall": 0.0,
        "support": 3.0
      },
      "weighted avg": {
        "f1-score": 0.16666666666666666,
        "precision": 0.1111111111111111,
        "recall": 0.3333333333333333,
        "support": 12.0
      }
    },
    "macro_f1": 0.16666666666666666,
    "weighted_f1": 0.16666666666666666
  },
  "model_path": "/app/app/modules/guard/models/classifier",
  "n_samples": 12,
  "threshold": {
    "actual": 0.16666666666666666,
    "metric": "weighted_f1",
    "passed": true,
    "value": 0.0
  }
}