{
  "baseline_delta": null,
  "confusion_matrix": {
    "labels": [
      "benign",
      "suspicious",
      "malicious"
    ],
    "matrix": [
      [
        10,
        0,
        0
      ],
      [
        8,
        1,
        1
      ],
      [
        4,
        2,
        4
      ]
    ]
  },
  "evaluated_at": "2026-05-28T18:58:43Z",
  "metrics": {
    "accuracy": 0.5,
    "classification_report": {
      "accuracy": 0.5,
      "benign": {
        "f1-score": 0.625,
        "precision": 0.45454545454545453,
        "recall": 1.0,
        "support": 10.0
      },
      "macro avg": {
        "f1-score": 0.43739316239316234,
        "precision": 0.5292929292929293,
        "recall": 0.5,
        "support": 30.0
      },
      "malicious": {
        "f1-score": 0.5333333333333333,
        "precision": 0.8,
        "recall": 0.4,
        "support": 10.0
      },
      "suspicious": {
        "f1-score": 0.15384615384615383,
        "precision": 0.3333333333333333,
        "recall": 0.1,
        "support": 10.0
      },
      "weighted avg": {
        "f1-score": 0.43739316239316234,
        "precision": 0.5292929292929293,
        "recall": 0.5,
        "support": 30.0
      }
    },
    "macro_f1": 0.43739316239316234,
    "weighted_f1": 0.43739316239316234
  },
  "model_path": "modules/guard/models/classifier",
  "n_samples": 30,
  "threshold": {
    "actual": 0.43739316239316234,
    "metric": "weighted_f1",
    "passed": true,
    "value": 0.0
  }
}